Target_ID_max,Target_Class_max,Vx_max,Vy_max,ax_max,ay_max,TIT_T1_max,TET_T1_max,TIT_T2_max,TET_T2_max,TIT_T3_max,TET_T3_max,Gap_Factor_max,Vx_min,Vy_min,ax_min,ay_min,TTC_min,Gap_Factor_min,Vx_mean,Vy_mean,ax_mean,ay_mean,Gap_Factor_mean
1,person,-1.295475236696762,0.0091791363560337,0.0,0.0,0.0,0.0,0.535228428586028,0.1,1.535228428586028,0.1,0.0,-1.295475236696762,0.0091791363560337,0.0,0.0,2.464771571413972,0.0,-1.295475236696762,0.0091791363560337,0.0,0.0,0.0
2,bicycleperson,0.3578860957193015,0.0263187196620412,0.3874317096936132,0.0,0.0,0.0,0.0,0.0,0.0,0.0,0.0,-0.0295456139743117,-0.1652280842922726,-0.0318025230107679,-0.0664029721059286,10.0,0.0,0.07992979111859067,-0.05488914749878511,0.0702083109580037,-0.024305945767212362,0.0
3,person,-0.761034891974548,-0.0118003068773386,0.0,0.0,0.0,0.0,0.0,0.0,0.20699875639846743,0.1,0.0,-0.761034891974548,-0.0118003068773386,0.0,0.0,3.7930012436015326,0.0,-0.761034891974548,-0.0118003068773386,0.0,0.0,0.0
4,bicycleperson,-0.7487692402419839,-0.0100157871361377,0.0122656517325641,0.0017845197412009,0.0,0.0,0.0,0.0,0.0,0.0,0.7533576011657714,-0.761034891974548,-0.0118003068773386,0.0,0.0,10.0,0.0,-0.7569463413970267,-0.011205466963604966,0.0040885505775213665,0.0005948399137336334,0.3589021404584249
13,bicycleperson,-2.6620586544265183,0.0702220630293857,0.0,0.0070064254358834,0.0,0.0,0.0,0.0,0.20699875639846743,0.1,0.5408353805541992,-3.0085349284794525,0.0632156375935022,-0.3464762740529341,0.0,3.7930012436015326,0.0,-2.7775507457774964,0.0655511127387967,-0.11549209135097803,0.0023354751452944666,0.18027846018473306
17,bicycleperson,0.7760653983767227,0.0396069672401061,1.916913152729076,0.0260667837771516,0.0,0.0,0.0,0.0,0.0,0.0,0.7533576011657714,-5.2404642931416685,-0.2981806723136448,-2.48477015910323,-0.2604692523787016,10.0,0.0,-2.2856284580221784,-0.12486216395852633,0.15109084507695741,-0.04177425962066556,0.15381520305361066
18,bicycleperson,1.767034993472251,0.0075229939945322,1.3428006811212003,0.0050318911194917,0.0,0.0,0.535228428586028,0.1,1.535228428586028,0.1,0.5408353805541992,-7.632569774376151,-0.0192911713668122,-1.767034993472251,-0.0152616310841429,2.464771571413972,0.0,-2.2552640492295133,-0.005436936740354,-0.07628567540801323,-0.0012847397152196004,0.09013923009236653
25,bicycleperson,0.6453382307522073,0.0130219499405368,0.5542088142887792,0.0105003097628916,1.9278403015918761,0.1,2.927840301591876,0.1,3.927840301591876,0.1,0.21315032243728638,-2.7617941099730263,-0.0090037896230814,-2.452478927684176,-0.0112254166192822,0.07215969840812396,0.0,-0.4653450302413688,0.00314249281882755,-0.32878846690093283,-0.00013852088049315833,0.017762526869773865
28,bicycleperson,2.2573089595806977,0.2191097593646851,2.10878648012103,0.1665080906069347,1.4514128558896013,0.1,2.4514128558896013,0.1,3.4514128558896013,0.1,1.180832862854004,-1.27921104897203,-0.2343027571331779,-0.3399744021539561,0.0,0.5485871441103988,0.0,0.45443075738030847,0.014596669158009888,0.2561167226421027,0.02837045588992887,0.2903229002312664
31,bicycleperson,1.2219531398555314,0.0443727027848325,0.2600274644994995,0.0,0.0,0.0,0.0,0.0,0.0,0.0,0.6136132478713989,-1.8051876433259155,-0.1308173084674494,-1.1289492129160226,-0.1094735478045639,10.0,0.0,-0.14708765934656642,-0.007857412119390941,-0.327632821153185,-0.027791552578313984,0.35815858500344416
33,bicycleperson,0.3595571047483581,-0.0167605980373147,0.2245230873272092,0.0,0.17374009348742958,0.1,1.1737400934874296,0.1,2.17374009348743,0.1,0.5411975185076395,-0.0894890699060603,-0.0523478182196054,0.0,-0.0177936100911453,1.8262599065125704,0.0,0.06019298831207917,-0.02862300476474493,0.07484102910906973,-0.0059312033637151,0.3347286090018257
38,bicycleperson,-0.0504951495334253,0.0551528683832998,1.3981441161728156,0.0353579333750797,1.4514128558896013,0.1,2.4514128558896013,0.1,3.4514128558896013,0.1,1.1721388816833496,-1.7401086797232352,-0.0548546616785954,-0.6448733997614298,0.0,0.5485871441103988,0.0,-0.8792944227433255,-0.006489484846743075,0.1305925163035475,0.013750941257736862,0.4985010479887326
45,bicycleperson,0.7708942411222068,-0.0329448471475715,2.970612733795491,0.0209584498218443,0.7451493734491743,0.1,1.7451493734491743,0.1,2.7451493734491743,0.1,0.7147201810564313,-2.8018086159322166,-0.0837702752199418,-1.3753322369465053,-0.0508254280723703,1.2548506265508257,0.0,-1.032790953075006,-0.0633409769864422,0.38437634011439226,-0.006636946165744913,0.39291769789443126
46,bicycleperson,1.7151413127903972,0.4537703675784971,0.6367362452999696,0.1908520923535442,0.0,0.0,0.0,0.0,0.0,0.0,0.744253009557724,0.2875667541960887,0.2392723006541383,-0.3068513315496481,-0.0578481607602548,4.741957591453892,0.0,1.1774204813805424,0.3956092422877025,0.10134595097848453,0.0172182406324347,0.27844355947205
51,bicycleperson,0.9795909654202184,0.0197917333833599,2.11010123894126,0.004391544975183,1.9278403015918761,0.1,2.927840301591876,0.1,3.927840301591876,0.1,0.21315032243728638,-3.87188301833956,-0.049858048174461,-3.4952133207132725,-0.0535124192580152,0.07215969840812396,0.0,-1.3761518055294724,-0.008660189794673034,-0.13135720334674392,-0.008819204182069348,0.03552505373954773
55,bicycleperson,-0.0005647957445766,-0.0013135090040097,0.0,0.0,0.0,0.0,0.0,0.0,0.0,0.0,0.7455199509859085,-0.0005647957445766,-0.0013135090040097,0.0,0.0,10.0,0.7455199509859085,-0.0005647957445766,-0.0013135090040097,0.0,0.0,0.7455199509859085
59,person,-0.0005647957445766,-0.0013135090040097,0.0,0.0,0.0,0.0,0.0,0.0,0.0,0.0,0.0,-0.0005647957445766,-0.0013135090040097,0.0,0.0,6.4748002955021535,0.0,-0.0005647957445766,-0.0013135090040097,0.0,0.0,0.0
63,person,-0.0005647957445766,-0.0013135090040097,0.0,0.0,0.5449418046896377,0.1,1.5449418046896377,0.1,2.5449418046896377,0.1,0.790071828024728,-0.0005647957445766,-0.0013135090040097,0.0,0.0,1.4550581953103623,0.790071828024728,-0.0005647957445766,-0.0013135090040097,0.0,0.0,0.790071828024728
64,bicycleperson,0.0796363510264761,0.0031877580342477,0.0392259588897765,0.0014394760053559,0.0,0.0,0.0,0.0,0.0,0.0,0.4901955525080363,-0.0075306099278051,-0.0019126325549361,-0.0650538929253983,-0.0014005497787492,4.223365209249057,0.0,0.006168146402744356,0.0006652231369346095,-0.00028249825958714806,-2.8529692901257134e-05,0.09292040647022308
86,bicycleperson,-1.0821165859242257,-0.1559321919444452,0.0,0.0,0.0,0.0,0.0,0.0,0.0,0.0,0.0,-1.0821165859242257,-0.1559321919444452,0.0,0.0,10.0,0.0,-1.0821165859242257,-0.1559321919444452,0.0,0.0,0.0
88,bicycleperson,-0.9615375105600066,0.0666436518653279,0.0602418703354032,0.057797470211814,0.0,0.0,0.0,0.0,0.0,0.0,0.1841008464495341,-1.0821165859242257,-0.1559321919444452,-0.0910138265085507,0.0,4.223365209249057,0.0,-1.032463965069284,-0.06919291433441394,0.008331663494340233,0.024730649312196977,0.02045564960550379
91,bicycleperson,0.1278835704910008,0.1320077194008797,0.2726432596007591,0.0669317974454983,0.0,0.0,0.0,0.0,0.0,0.0,0.4901955525080363,-1.2146670553492849,-0.0583467163404085,-1.164983213315331,-0.0896408248336009,10.0,0.0,-0.9565455408346173,-0.006818772330787123,-0.06202623947823665,-8.881515422423495e-05,0.10395456996618532
96,bicycleperson,-0.4142181616917284,-0.0505405006996384,0.8549756918919869,0.0214117906703266,0.0,0.0,0.0,0.0,0.0,0.0,0.9397604068120321,-1.2691938535837153,-0.0833553650822183,-0.1723160534939509,0.0,8.435901079734753,0.0,-0.9692919038637431,-0.06979870131899166,0.17066490959950897,0.00820371609564495,0.3812155922253927
97,bicycleperson,-1.12403931648182,-0.0712015779555441,0.0,0.0,0.0,0.0,0.0,0.0,0.0,0.0,1.4515747626622517,-1.12403931648182,-0.0712015779555441,0.0,0.0,10.0,1.438879390557607,-1.12403931648182,-0.0712015779555441,0.0,0.0,1.4452270766099293
99,bicycleperson,-1.2530722104700018,0.0202093967173782,0.0,0.0,0.0,0.0,0.0,0.0,0.0,0.0,1.6403531233469646,-1.2530722104700018,0.0202093967173782,0.0,0.0,10.0,1.496499200661977,-1.2530722104700018,0.0202093967173782,0.0,0.0,1.5684261620044708
128,bicycleperson,3.836575905701519,0.1006093476252321,1.5030955300819038,0.0588795830803443,1.4864786152992135,0.1,2.4864786152992133,0.1,3.4864786152992133,0.1,1.7677319645881653,-3.241764578504295,-0.0572732403882536,-2.7415348826373864,-0.0287468536151236,0.5135213847007865,0.0,-0.42138287976869054,0.0063010415679409905,-0.14261034574340364,-0.002383216358284776,0.19883727238635823
155,bicycleperson,1.148821625145921,0.232142979975175,0.0732099143074833,0.048948381358453,0.8865070568064166,0.1,1.8865070568064166,0.1,2.8865070568064164,0.1,0.5420818328857422,0.9850530543669932,0.038653912624244,-0.1009382156504301,0.0,1.1134929431935834,0.0,1.0764467753912226,0.1342395213889325,-0.01251345089043707,0.027641295335847273,0.2851310423442296
157,bicycleperson,1.2172860051351255,0.2322927216422837,0.1903729844685671,0.0599557266430456,0.45050639938042125,0.1,1.4505063993804213,0.1,2.450506399380421,0.1,1.8701443672180176,0.6839406876343901,-0.1597446166357352,-0.3452087909449126,-0.0932646808363267,1.5494936006195787,0.0,0.9088088337287302,0.0353860443438854,-0.013017355787399067,-0.0015529247759448435,1.0780252479988597
159,bicycleperson,-0.5249229244363569,0.1834315966398212,0.0,0.0,0.45050639938042125,0.1,1.4505063993804213,0.1,2.450506399380421,0.1,0.34678235054016116,-0.5249229244363569,0.1834315966398212,0.0,0.0,1.5494936006195787,0.0,-0.5249229244363569,0.1834315966398212,0.0,0.0,0.17339117527008058
165,bicycleperson,3.5157720466973608,0.4224746510578193,1.959251465034857,0.2037306123324233,1.4184963696477675,0.1,2.4184963696477677,0.1,3.4184963696477677,0.1,0.5753877639770508,-0.3141902175839188,0.074177437580218,-2.3795849677261067,-0.0821779615791293,0.5815036303522325,0.0,1.1760011794848038,0.26112941198812123,0.1538349945239757,-0.016062955682797524,0.2562653382619222
167,bicycleperson,1.8632515032969612,0.0811847660536346,0.2042041876365488,0.0230345267801731,1.4864786152992135,0.1,2.4864786152992133,0.1,3.4864786152992133,0.1,2.1988683342933655,0.7254735035065529,-0.0362419568091225,-1.1377779997904085,-0.0100673389724732,0.5135213847007865,0.0,0.9159066053250448,0.0024195428179037263,-0.051552263445610653,0.004101570792579231,1.1512014925479888
168,bicycleperson,1.2424436063866793,0.1177662754497086,0.0,0.0,0.0,0.0,0.0,0.0,0.0,0.0,0.35341968536376955,1.2424436063866793,0.1177662754497086,0.0,0.0,4.52057539213899,0.35341968536376955,1.2424436063866793,0.1177662754497086,0.0,0.0,0.35341968536376955
171,bicycleperson,1.2424436063866793,0.1648176556846057,0.0,0.0195272720259009,1.448812624881001,0.1,2.448812624881001,0.1,3.448812624881001,0.1,0.8247298955917358,0.9699282589858812,0.1177662754497086,-0.1311917397545414,0.0,0.5511873751189991,0.3796533942222595,1.1202096872143996,0.13812421898937516,-0.05450306948015961,0.00941027604697938,0.657929565111796
177,person,-0.0174831022522568,-0.0042842844611352,0.1404977511202503,0.0,0.0,0.0,0.0,0.0,0.0,0.0,0.0,-0.1579808533725071,-0.0043463641872145,0.0,-6.207972607930046e-05,10.0,0.0,-0.11114826966575701,-0.004304977703161634,0.04683258370675011,-2.0693242026433484e-05,0.0
180,bicycleperson,0.1138031119666322,-0.0042348529637492,0.233163185034698,0.0057505757830234,0.0,0.0,0.0,0.0,0.0,0.0,0.0,-0.1620135204387836,-0.0277103432797445,-0.1600007609503855,-0.0079368428344084,10.0,0.0,0.022917153274897104,-0.016867989093480844,0.005042851870951919,-0.0002903485167792118,0.0
183,bicycleperson,2.204758975820174,0.7743966230371304,3.031879078804225,0.3630333235647842,0.08687645486686324,0.1,1.0868764548668632,0.1,2.0868764548668635,0.1,0.0,-1.7397095053009677,0.4113632994723462,-1.0782616142949153,-0.1126076101076372,1.9131235451331368,0.0,0.3982195306340634,0.5664352182897142,0.5634954973030202,0.004485649089079898,0.0
184,bicycleperson,-1.3919406039527151,-0.0285126178948764,0.0,0.0,0.0,0.0,0.0,0.0,0.0,0.0,1.3250598907470703,-1.3919406039527151,-0.0285126178948764,0.0,0.0,10.0,0.0,-1.3919406039527151,-0.0285126178948764,0.0,0.0,0.6625299453735352
195,bicycleperson,-2.436092323409952,-0.0493845461712918,0.0960406988626516,0.0325283161164215,0.0,0.0,0.0,0.0,0.0,0.0,0.0,-2.54342116198152,-0.1234627868706033,-0.1073288385715685,0.0,7.075453979018623,0.0,-2.5107612118273526,-0.09397288087872709,0.004421298614504079,0.014815648139862239,0.0
206,bicycleperson,1.3639382853913613,0.0702254430237139,0.7885319623781175,0.0286618554078377,1.9127219348414486,0.1,2.9127219348414486,0.1,3.9127219348414486,0.1,1.8578385379579332,0.5473180249058114,-0.0845548976984171,-0.601487151451293,-0.037033126004893,0.0872780651585514,0.0,0.9995754550207991,0.001171788074218816,0.019427068041740825,-6.403657088334359e-05,0.4052785613263647
238,person,0.4606532330430788,-0.208225043197114,0.752471594818175,0.0619668101090371,0.0,0.0,0.0,0.0,0.0,0.0,0.0,-0.2918183617750962,-0.4117097972446368,-0.3795567540290179,0.0,10.0,0.0,0.03738188009739086,-0.3456301961016368,0.02183214572558212,0.025435594255940323,0.0
239,person,-1.3595062829091145,0.0316755036372495,0.0,0.0,0.0,0.0,0.0,0.0,0.0,0.0,0.0,-1.3595062829091145,0.0316755036372495,0.0,0.0,10.0,0.0,-1.3595062829091145,0.0316755036372495,0.0,0.0,0.0
252,person,2.066694515673998,0.042151589259775,2.454867633175647,0.0124224845525959,0.0,0.0,0.0,0.0,0.47609509862310073,0.1,2.7010941902796426,-3.3673650271718465,0.0039241760131315,-2.007858744262732,-0.0053403105436725,3.5239049013768993,0.0,-0.1488340638278789,0.019128201801012622,0.21144494611471187,0.00087010398070604,0.40143317513995697
253,bicycleperson,2.1332795524999995,0.0778478698101465,1.0386335361206402,0.023757840352489,0.0,0.0,0.7958504161463655,0.1,1.7958504161463655,0.1,2.34486452738444,-1.7050625013248784,-0.0241303473799691,-2.864517382247314,-0.0226361587235179,2.2041495838536345,0.0,1.0683695929531583,0.013365973262178844,-0.23039770466290585,0.004430786127356168,0.2291904962424076
262,person,1.002731602033812,0.1040418043926041,1.1253917747515771,0.0786473002871663,1.8764349864201597,0.1,2.8764349864201595,0.1,3.8764349864201595,0.1,2.0843944549560547,-1.790111166405211,-0.1008351611932019,-1.7619237519382125,-0.0256603266534913,0.12356501357984039,0.48616271548801,-0.3110250812853626,0.01603690860306362,-0.020457572919344764,0.0055057109243702,1.34413599688067
265,person,0.4199111673941829,0.0400980691654049,1.0445589991202695,0.0270462058819171,1.76202344079593,0.1,2.76202344079593,0.1,3.76202344079593,0.1,2.012293964624405,-0.9660950214130466,-0.0613257665693067,-0.699614337560142,-0.0044886201710099,0.23797655920406982,0.48616271548801,-0.19578022107387505,0.0020411944157083814,-0.018116491719465232,0.006021232451989858,1.2414459812095742
266,person,2.467084561570431,0.1529563917113527,2.37742268335996,0.0359029117098501,1.6005270950340786,0.1,2.600527095034079,0.1,3.600527095034079,0.1,1.7172424048185349,-1.3752041355787623,-0.0968051568262899,-2.253407001549192,-0.0382052857069021,0.3994729049659213,0.2639339500003391,1.0793215590806924,0.013640668203076514,-0.0049834280973323685,0.013182729639835458,0.7877367436210044
267,person,-0.0850738571136275,0.4271581138556253,0.0,0.0,0.0,0.0,0.08015595179211576,0.1,1.0801559517921158,0.1,1.0928603410720825,-0.1124596581222808,0.255398966036178,-0.0091286003362177,-0.057253049273149,2.9198440482078842,0.0,-0.09420245744984528,0.3699050645824762,-0.0030428667787392332,-0.01908434975771633,0.5320586079642886
269,bicycleperson,3.956212077162476,0.5741600337529289,3.711659141628978,0.3283406813912906,1.8764349864201597,0.1,2.8764349864201595,0.1,3.8764349864201595,0.1,3.4777291814486184,-2.3062129085025447,-0.0047613273797999,-1.8806788713637344,-0.1412722707088024,0.12356501357984039,0.0,0.2532363440358169,0.21264898749426972,0.24263795507694347,0.022580549711229227,0.8175167585360099
271,bicycleperson,-1.843753527670504,-0.1562111552996681,0.171824758708901,0.0086985834253394,1.9792604723202862,0.1,2.9792604723202865,0.1,3.9792604723202865,0.1,2.7313539534807205,-2.311996640377753,-0.1700441661793418,-0.468243112707249,-0.0076517357697822,0.02073952767971368,0.4825982385211521,-2.0500859325929772,-0.16354605166300404,-0.025724320903430114,0.0003738741626980715,0.9468285737056581
275,person,-0.5584315502631405,0.4016107515681038,0.0,0.0,0.0,0.0,0.0,0.0,0.15523019192645027,0.1,0.4443936688559396,-1.817857585879512,0.2281577919179996,-0.6297130178081858,-0.086726479825052,3.8447698080735497,0.0,-0.9782402288019311,0.34379309835140237,-0.20990433926939525,-0.028908826608350664,0.23213992547736595
276,person,1.5161186040494954,0.147262033860694,0.6134598328633274,0.0348075961050983,1.6501659938474473,0.1,2.6501659938474473,0.1,3.6501659938474473,0.1,1.2240794897079468,0.6506320474509693,-0.0299705356474442,-0.306025324976062,0.0,0.3498340061525527,0.17163116591317312,1.0414896987519209,0.0606085867892177,0.04834398364934342,0.016112051773467074,0.5873787850356549
277,person,1.967175302931178,0.1760836152672253,1.6882069442820342,0.0338463816001641,1.76202344079593,0.1,2.76202344079593,0.1,3.76202344079593,0.1,1.4612592905759811,0.2409349595798531,0.0008959822506042,-1.726240343351325,0.0,0.23797655920406982,0.0,0.8492015494968681,0.09162008301577344,0.08649352639785032,0.01751876330166206,0.5906726322240299
278,bicycleperson,4.315738437797247,0.2329085602534137,3.718082129317416,0.1414722751718944,1.9792604723202862,0.1,2.9792604723202865,0.1,3.9792604723202865,0.1,2.59756201505661,-0.1536603306986741,0.026492182718226,-3.0328745299936664,-0.0519400872137234,0.02073952767971368,0.17163116591317312,0.9280356596225322,0.14809495565072386,0.10268305999286696,0.02709030304865552,0.9672632382975684
282,bicycleperson,0.3839933256906604,0.0235556132721579,0.4614224854262332,0.0164580130852143,0.0,0.0,0.0,0.0,0.0,0.0,0.20001504421234131,-0.4567598032554869,-0.0744324738741233,-0.374805524543806,-0.0131533771490337,10.0,0.0,0.00408853546122048,-0.010940852060110945,-0.0010946382950006198,0.001342587089039984,0.011736708127747023
285,person,2.0215062297629345,0.1713918680722206,2.094233537998964,0.0560303028208286,1.5523270430923386,0.1,2.5523270430923386,0.1,3.5523270430923386,0.1,2.316987246274948,-4.409692064937717,-0.0179117960312602,-2.9716896077306103,-0.0479247659220201,0.4476729569076615,0.0,-1.0102159952351772,0.0609580736153644,-0.25865726289917657,0.0033629919431518206,0.7108537790719529
287,bicycleperson,5.117192719271749,0.0456874925856696,3.913546018105326,0.0440699170715308,1.7468561576385477,0.1,2.7468561576385477,0.1,3.7468561576385477,0.1,3.5002090533574424,-2.546458057353788,-0.0741276566124387,-0.5177682983527019,-0.0542577851534993,0.2531438423614524,0.0,-0.40144670279157507,-0.013915023689879995,0.19099270466032767,0.0033488016295520136,1.1327043804179422
291,person,2.140726598820692,0.1618498601220608,0.0,0.0,1.3316719180186753,0.1,2.3316719180186753,0.1,3.3316719180186753,0.1,2.079264351299831,2.140726598820692,0.1618498601220608,0.0,0.0,0.6683280819813248,0.8896386822064718,2.140726598820692,0.1618498601220608,0.0,0.0,1.4844515167531513
292,person,1.0560942267709237,0.0974649495497765,0.0,0.0117961342914962,0.0,0.0,0.0,0.0,0.0,0.0,1.9832668815340315,0.8205569197523843,0.0856688152582803,-0.2355373070185393,0.0,10.0,0.20893524090449014,0.9775817910980772,0.08960086002211236,-0.07851243567284644,0.003932044763832067,1.123283741020021
294,person,1.017513648983818,0.1566192490087303,0.7683881222481268,0.0421252971518806,1.959825815503694,0.1,2.959825815503694,0.1,3.959825815503694,0.1,1.2876003742218018,-5.8532087186932245,-0.1258852675227706,-3.7415884615661374,-0.0630167320374506,0.04017418449630602,0.0,-1.1605397328882345,0.012836467548912824,-0.2675877186292266,0.010196806039929838,0.5436605437372377
299,person,-0.3984945722882926,-0.0014606971462223,0.0,0.0,0.0,0.0,0.0,0.0,0.0,0.0,0.0,-0.3984945722882926,-0.0014606971462223,0.0,0.0,10.0,0.0,-0.3984945722882926,-0.0014606971462223,0.0,0.0,0.0
302,person,-0.3984945722882926,-0.0014606971462223,0.0,0.0,0.0,0.0,0.0,0.0,0.0,0.0,0.0,-0.3984945722882926,-0.0014606971462223,0.0,0.0,10.0,0.0,-0.3984945722882926,-0.0014606971462223,0.0,0.0,0.0
303,person,-0.2664789978880861,0.0073086989195385,0.198857448607562,0.0182064884438029,0.44654872080702224,0.1,1.4465487208070222,0.1,2.446548720807022,0.1,2.000575453042984,-1.776978831761742,-0.0108977895242643,-0.9646808816488672,-0.0057422134479627,1.5534512791929778,0.23675623536109924,-0.5898398670183514,0.0005804105425912789,-0.07255180313018154,0.0001120813307323684,1.142527876855337
305,person,0.3861847755072958,0.0212351159228378,3.083858746579864,0.0152141692702721,1.0338381951278186,0.1,2.0338381951278186,0.1,3.0338381951278186,0.1,0.6314718325932821,-3.0117996666349853,-0.0187107329800375,-2.3500504797855832,-0.001914439292413,0.9661618048721814,0.0,-0.7465750595048711,-0.0035776857092619,0.014902601788477743,0.004057883609306588,0.27743106252617306
308,person,0.2277453654753216,0.0053734017952196,1.185720884202517,0.028650576758701,1.3374781459352585,0.1,2.3374781459352585,0.1,3.3374781459352585,0.1,2.387153228123983,-1.6014553033561754,-0.1055389268541169,-0.560504399410298,-0.0353280811053654,0.6625218540647415,0.0,-0.7623379524948682,-0.040232999907739965,0.11005237838956661,-0.002598909569614873,0.9291678895294925
309,person,-0.0729401056811198,-0.0223913777622732,3.816547010562193,0.0256065838681602,1.8664254928846922,0.1,2.866425492884692,0.1,3.866425492884692,0.1,2.45743827521801,-8.93181947837749,-0.1019802083883172,-4.05643524113973,-0.0454995840797471,0.13357450711530786,0.0,-1.3161843467407408,-0.06124844743059961,-0.04232846687925344,-0.00226993562284243,1.270564887899728
314,person,-0.2280437278363649,-0.0600179101976579,0.3659628040879781,0.0201189182225829,0.0,0.0,0.0,0.0,0.0,0.0,1.7122416297594707,-0.9623334812031176,-0.1534943741075549,-0.2490772470143056,-0.019477001735172,10.0,0.8527218103408813,-0.6894783261998898,-0.11155030810559559,0.02504315937425498,0.0020036863897078,1.1404891323265365
315,person,-0.6932738401936831,0.0161322584058953,2.5537368637290783,0.0077605013065786,1.959825815503694,0.1,2.959825815503694,0.1,3.959825815503694,0.1,2.49471116065979,-5.115336717098057,-0.0220992854607842,-4.150843019802206,-0.0130075779411529,0.04017418449630602,0.0,-2.017631072571661,-0.005903334327443699,-0.13627043581801757,-0.0027861995540627727,0.7748209522357062
316,person,0.3902188176536043,-0.0658290442305138,0.1683879052796193,0.0220416847212647,0.0,0.0,0.0,0.0,0.0,0.0,2.259779069158766,-0.9088605559150268,-0.1641856617241673,-0.6469641405893162,-0.0352209729605633,10.0,0.0,-0.5733957112752217,-0.11767699229552596,-0.030443602036910808,-0.0012151473621328669,1.3084572996952637
325,person,-0.7601518962314637,0.0047922785586645,0.1421204270299387,0.0008322405482047,0.11789265301911511,0.1,1.1178926530191151,0.1,2.117892653019115,0.1,0.535987274987357,-1.102118201987146,0.0020430233235099,0.0,-0.0013746276175773,1.8821073469808849,0.0,-0.9810965187907408,0.0036888444757734997,0.0605108415982026,-0.00013559676734315002,0.25180407658455867
326,person,-0.7772576333397616,0.0467087812063262,0.0,0.0,0.5821743703346913,0.1,1.5821743703346913,0.1,2.582174370334691,0.1,0.3032236576080322,-0.7772576333397616,0.0467087812063262,0.0,0.0,1.4178256296653087,0.3032236576080322,-0.7772576333397616,0.0467087812063262,0.0,0.0,0.3032236576080322
329,bicycleperson,-0.4377091824846957,0.1016456402600909,0.3474027246949909,0.0549368590537646,1.3374781459352585,0.1,2.3374781459352585,0.1,3.3374781459352585,0.1,1.2834299206733704,-0.8848903406886777,-0.3528860306144026,-0.2533138413559364,-0.0866291506031218,0.6625218540647415,0.506597101688385,-0.7608423898662319,-0.12684951557357912,0.0037892589501696133,-0.03632680107461171,1.0134736101950745
330,person,1.3238429442880175,-0.0336512889690276,0.0,0.0,1.5523270430923386,0.1,2.5523270430923386,0.1,3.5523270430923386,0.1,0.2840723461574978,1.3238429442880175,-0.0336512889690276,0.0,0.0,0.4476729569076615,0.0,1.3238429442880175,-0.0336512889690276,0.0,0.0,0.1420361730787489
332,bicycleperson,0.0704363122726583,0.1825509118872694,1.126092641158607,0.1691460925372252,1.8664254928846922,0.1,2.866425492884692,0.1,3.866425492884692,0.1,2.3486159443855286,-1.127488889274197,-0.0873909712961669,-0.4565719723212211,-0.118570446669636,0.13357450711530786,0.506597101688385,-0.6257608140702271,0.008315063805741102,0.024801982964646675,-0.005892675110277849,1.1206801390647887
475,bicycleperson,7.221410499656985,0.0227385473918808,0.0,0.0,1.6591625288764664,0.1,2.6591625288764664,0.1,3.6591625288764664,0.1,1.300554370880127,-5.164340459749324,0.0190559072087443,-2.9452656193326368,-0.0091588471178784,0.3408374711235337,0.19217026233673096,3.0928268465215485,0.020283453936456464,-0.9817552064442122,-0.0030529490392927996,0.6369137684504191
480,bicycleperson,1.016101826271548,0.1628260262172216,0.3480059816676224,0.0880462906966688,0.5339822395805791,0.1,1.533982239580579,0.1,2.5339822395805793,0.1,0.4559765100479126,-0.218339210583963,-0.3521579911958787,-1.234441036855511,-0.0559612877917907,1.466017760419421,0.0,0.07968996731254774,-0.12503017349258477,-0.039723792859314044,0.007071392701725212,0.21134051971492313
481,bicycleperson,5.269613971119295,0.1438345848616973,3.653287362587452,0.05788323143995,1.634936390442531,0.1,2.634936390442531,0.1,3.634936390442531,0.1,1.1313207830701555,-2.139290821497269,-0.0638643055898593,-2.0102802591787814,-0.0499590323718552,0.3650636095574692,0.0,1.7303276476046636,0.020714158069196357,0.044299743013766,0.011065902271059422,0.31497558036020823
483,person,2.0934100910344675,0.141457503372919,1.410561698780307,0.0425873488969117,1.769915769292503,0.1,2.769915769292503,0.1,3.769915769292503,0.1,1.6684818983078002,0.6828483922541606,0.0059154692924825,-0.5521845959479705,0.0,0.23008423070749703,0.0,1.4508165196205995,0.08458827493374434,0.06742503611170916,0.012322003098221472,0.43957874719456674
484,person,0.0196135393855563,0.1175465388327763,1.5682825992167722,0.027873618335359,1.769915769292503,0.1,2.769915769292503,0.1,3.769915769292503,0.1,1.2652481993039448,-2.129997376114316,-0.0557333450659398,-0.7700105434513365,-0.0257812348147814,0.23008423070749703,0.0,-0.7974055677779597,0.023273319165142022,0.01200687272766535,0.0006468613865612741,0.32576695786041465
487,person,4.521432778183993,0.1946158574011318,1.5169116750296343,0.048161042241793,1.4098783173674558,0.1,2.409878317367456,0.1,3.409878317367456,0.1,1.75078604221344,0.1306957680820044,-0.0925579664495843,-1.5942158389340229,-0.0279545827369069,0.5901216826325443,0.0,1.7277919334173737,0.03675965808140887,-0.1141629008003174,0.018268900376726706,0.5473816649544807
491,person,1.1971211161056274,0.1126801750412442,0.9556209821355234,0.0905022030137652,1.6591625288764664,0.1,2.6591625288764664,0.1,3.6591625288764664,0.1,1.3808380365371704,-0.7071134750364969,-0.3828530084371189,-0.8147951377755263,-0.2700677915751941,0.3408374711235337,0.20559396346410116,-0.04962165873173877,-0.14843414885524422,0.032786653254121736,-0.013246159061197037,0.614060207251664
496,person,1.8448850401240835,-0.0466295896690323,1.013584524045208,0.0185843586714415,1.5708234807184294,0.1,2.5708234807184294,0.1,3.5708234807184294,0.1,0.7030754884084066,0.0108566484290371,-0.6997619938254722,-1.8340283916950464,-0.6193486876335983,0.4291765192815706,0.0,0.6666659432876156,-0.29042033805983886,-0.1267027770535878,-0.09896953563855428,0.34371738963656956
501,person,-0.3773251223237253,0.0534819992505111,0.0,0.0,0.7923865995840258,0.1,1.7923865995840258,0.1,2.7923865995840256,0.1,0.9420621633529663,-0.3773251223237253,0.0534819992505111,0.0,0.0,1.2076134004159742,0.7955954472223917,-0.3773251223237253,0.0534819992505111,0.0,0.0,0.868828805287679
505,person,3.838691840600646,0.1089257817321374,0.9940234492036746,0.0385120111103196,1.2237743846105882,0.1,2.2237743846105884,0.1,3.2237743846105884,0.1,1.5562444925308228,0.1681637722657309,-0.149588276425745,-3.091836019109138,-0.0522017938343104,0.7762256153894118,0.0,1.5588178995305944,-0.00877005616829222,-0.30835417465015685,0.007213731039250134,0.24092061533814382
514,person,0.9433900240929648,0.0038826766127286,0.378474304809048,0.0059645106657837,1.6936133834194493,0.1,2.693613383419449,0.1,3.693613383419449,0.1,0.5348790032523019,0.1178746449743233,-0.0260398300464341,-0.5708203766742983,-0.0043489078152252,0.30638661658055066,0.0,0.4247853765427554,-0.008730129446575679,5.6629976167921665e-05,-0.0012329454319182074,0.11973113506559342
518,person,1.138400402157611,0.0287573861280423,2.55296651930837,0.0263787084172204,1.6936133834194493,0.1,2.693613383419449,0.1,3.693613383419449,0.1,1.38266202381679,-3.065555826243653,-0.1301692028445056,-1.6509294191046564,-0.0227946546557457,0.30638661658055066,0.0,-0.7511085795433053,-0.0526010337227506,0.12106182623494895,0.00879041711478907,0.29733540671212333
519,person,0.1648126708057589,-0.2313643269521754,0.5999919280396604,0.1730191683345792,0.0,0.0,0.0,0.0,0.0,0.0,0.40443757602146696,-1.6172217281653405,-0.577402663621334,-0.1430211824301466,-0.3371904698936363,10.0,0.0,-1.0251248947648088,-0.4840897242140503,0.1766854431697473,-0.036817306121415615,0.12824598380497526
522,person,0.2225839543612255,0.0465484925254067,1.8597870107454924,0.0167068158755814,1.2237743846105882,0.1,2.2237743846105884,0.1,3.2237743846105884,0.1,1.352472972869873,-2.8308028083960366,-0.0616427816582239,-1.091311078874682,-0.0109320268081265,0.7762256153894118,0.0,-1.448839841092777,-0.015813551352813243,-0.05672877098266447,0.008104937281291975,0.25541382772581916
527,person,-0.6217153372727466,-0.0651326628044638,0.0273435311418239,0.0105622159361776,0.0,0.0,0.0,0.0,0.0,0.0,0.8782307147979737,-1.1585673005707562,-0.117943742485352,-0.1270681867422354,-0.0117055565076703,7.8435261721488905,0.0,-0.8096030941270318,-0.09869297191430644,-0.043078213732248426,-0.002478897811600857,0.44032789168714664
528,person,-0.8367698309958129,0.0943899361280156,0.0,0.0091864871382321,0.0,0.0,0.0,0.0,0.0,0.0,0.5849201679229736,-2.4614635585847964,0.0776721232358648,-1.2264036839663888,0.0,10.0,0.1852431297302246,-1.549544183884656,0.08414819824346052,-0.40617343189724586,0.004179453223037675,0.38749212423960366
530,person,-0.3077091016710532,-0.0012020811203695,1.0957630988802831,0.0009469830699984,1.4139137953707168,0.1,2.413913795370717,0.1,3.413913795370717,0.1,1.8224590301513672,-1.8568145686683977,-0.0156168257696849,-1.5491054669973443,-0.0143369252047734,0.5860862046292831,0.20294392108917236,-0.8187715490668127,-0.011065911418582871,-0.08066220182792318,-0.0017997997076948547,0.602300818355716
532,person,-0.9899766037348384,-0.0981993287750158,0.1390692134945155,0.0190384907477213,1.9195521446638943,0.1,2.919552144663894,0.1,3.919552144663894,0.1,1.1077654600143432,-1.1644520111955856,-0.1554529404250901,-0.0496833506001905,0.0,0.08044785533610575,0.2035468022028605,-1.1046183059928347,-0.13633551287342072,0.01413944973528203,0.008179087378582015,0.45304868265885073
535,person,-0.2147691721484257,0.344047274438132,0.0,0.0,0.0,0.0,0.0,0.0,0.0,0.0,0.40443757602146696,-0.712780498436901,0.1850638131982381,-0.2490056631442376,-0.0794917306199469,7.589469558543765,0.0,-0.3807729475779175,0.29105278735816736,-0.08300188771474587,-0.0264972435399823,0.134812525340489
537,person,-0.0587976760649215,0.0507188102382532,2.7845009386708317,0.013994945473553,0.8622333125852246,0.1,1.8622333125852246,0.1,2.8622333125852246,0.1,0.6040919303894043,-5.008340519478169,0.0367238647647001,-0.4591239735214838,-0.0041057424160317,1.1377666874147754,0.0,-3.2778821736527597,0.04307380287529604,0.8980837739783528,0.0013649002663395,0.15583869377772014
538,person,2.4975078840495755,-0.01161746381459,2.466233895057222,0.0461959614502118,1.9195521446638943,0.1,2.919552144663894,0.1,3.919552144663894,0.1,1.964555811882019,-1.4784111499543862,-0.0578152912963143,0.0,-0.0461978274817242,0.08044785533610575,0.0,0.32907631903991685,-0.03912765268354944,0.7951838068007924,-0.00472384995505876,0.4793578986326853
